url,old_title,new_title
https://nmgtechnologies.com/ai-powered-business-process-transformation,AI Powered Service | Innovative AI-Driven Solutions for Business,Premium Quality Services | Fast & Reliable
https://nmgtechnologies.com/blog/ui-ux-mobile-app-development,Importance of UI & UX in mobile app development in 2022 | NMG,Premium Quality Services | Fast & Reliable
https://nmgtechnologies.com/sitemap,Sitemap - NMG Technologies,Premium Quality Services | Fast & Reliable
https://nmgtechnologies.com/services/custom-software-development/php-development/,PHP Development Services - Hire PHP Web Developers | NMG Technologies,Premium Quality Services | Fast & Reliable
https://nmgtechnologies.com/blog/tag/outsourcing,Blog | Outsourcing,Premium Quality Services | Fast & Reliable
https://nmgtechnologies.com/blog/tag/featured,Blog | Featured,Premium Quality Services | Fast & Reliable
https://nmgtechnologies.com/services/crm-development,CRM Development Services,Premium Quality Services | Fast & Reliable
https://nmgtechnologies.com/download-developmental-checklist,Download Web Development Checklist [Updated 2019] | NMG Technologies,Premium Quality Services | Fast & Reliable
https://nmgtechnologies.com/download-appdevelopmentcost-ebook,Download App Development Cost Ebook for 2019 with Example | NMG Technologies,Premium Quality Services | Fast & Reliable
https://nmgtechnologies.com/ai-enhanced-web-mobile-application-development,AI App Development Services | Custom Artificial Intelligence Applications,Premium Quality Services | Fast & Reliable
https://nmgtechnologies.com/blog/nmg-technologies-to-participate-in-mobile-word-capital-barcelona-the-worlds-largest-and-most-influential-connectivity-event,NMG Technologies to Participate in Mobile Word Capital Barcelona – the world’s largest and most influential connectivity event,Premium Quality Services | Fast & Reliable
https://nmgtechnologies.com/blog/tag/growth,Blog | Growth,Premium Quality Services | Fast & Reliable
https://nmgtechnologies.com/blog/nmg-to-participate-in-the-largest-tech-expo-in-the-middle-east-gitex-global-2023-dubai,"NMG to Participate in the Largest Tech Expo in the Middle East - GITEX Global 2023, Dubai",Premium Quality Services | Fast & Reliable
https://nmgtechnologies.com/industry/staffing,"IT Outsource Software, Web & Mobile App Development Company - NMG",Premium Quality Services | Fast & Reliable
https://nmgtechnologies.com/blog/tag/design,Blog | Design,Premium Quality Services | Fast & Reliable
https://nmgtechnologies.com/success-stories/wealth-concert,"IT Outsource Software, Web & Mobile App Development Company - NMG",Premium Quality Services | Fast & Reliable
https://nmgtechnologies.com/services/user-interface-design/,User Interface (UI) Design Services - Hire Experienced UI/UX Designers,Premium Quality Services | Fast & Reliable
https://nmgtechnologies.com/services/erp-development,ERP Development,Premium Quality Services | Fast & Reliable
https://nmgtechnologies.com/services/mobile-application-development/android-app-development,Android App Development Company - Hire Android Developers | NMG Technologies,Premium Quality Services | Fast & Reliable
https://nmgtechnologies.com/solution/augmented-reality/,Augmented Reality Apps Development Services - IT Staff Augmentation Developers,Premium Quality Services | Fast & Reliable
